trip_duration_days,miles_traveled,total_receipts_amount,miles_per_day,spend_per_day,spend_per_mile,expected_output
3,93,1.42,31,0.47,0.02,364.51
1,55,3.6,55,3.6,0.07,126.06
1,47,17.97,47,17.97,0.38,128.91
2,13,4.67,6.5,2.34,0.36,203.52
3,88,5.78,29.33,1.93,0.07,380.37
1,76,13.74,76,13.74,0.18,158.35
3,41,4.52,13.67,1.51,0.11,320.12
1,140,22.71,140,22.71,0.16,199.68
3,121,21.17,40.33,7.06,0.17,464.07
3,117,21.99,39,7.33,0.19,359.1
2,202,21.24,101,10.62,0.11,356.17
3,80,21.05,26.67,7.02,0.26,366.87
2,21,20.04,10.5,10.02,0.95,204.58
3,177,18.73,59,6.24,0.11,430.86
1,141,10.15,141,10.15,0.07,195.14
1,58,5.86,58,5.86,0.1,117.24
1,133,8.34,133,8.34,0.06,179.06
1,59,8.31,59,8.31,0.14,120.65
2,89,13.85,44.5,6.93,0.16,234.2
2,147,17.43,73.5,8.72,0.12,325.56
5,130,306.9,26,61.38,2.36,574.1
5,173,1337.9,34.6,267.58,7.73,1443.96
5,592,433.75,118.4,86.75,0.73,869
5,679,476.08,135.8,95.22,0.7,1030.41
5,708,1129.52,141.6,225.9,1.6,1654.62
5,261,464.94,52.2,92.99,1.78,621.12
5,794,511,158.8,102.2,0.64,1139.94
5,521,1448.55,104.2,289.71,2.78,1624.01
5,595,863.93,119,172.79,1.45,1231.67
5,811,952.39,162.2,190.48,1.17,1608.6
5,477,704.42,95.4,140.88,1.48,1045.96
5,730,485.73,146,97.15,0.67,991.49
5,262,1173.79,52.4,234.76,4.48,1485.59
5,446,219.98,89.2,44,0.49,788.62
5,751,407.43,150.2,81.49,0.54,1063.46
5,324,128.94,64.8,25.79,0.4,686.54
5,414,967,82.8,193.4,2.34,1368.94
5,367,290.78,73.4,58.16,0.79,742.25
5,764,848.75,152.8,169.75,1.11,1468.46
5,249,873.75,49.8,174.75,3.51,1185.24
8,862,1817.85,107.75,227.23,2.11,1719.37
11,927,1994.33,84.27,181.3,2.15,1779.12
9,602,186.69,66.89,20.74,0.31,1085.4
8,610,208.29,76.25,26.04,0.34,841.27
12,333,1103.21,27.75,91.93,3.31,1618.13
8,435,1129.65,54.38,141.21,2.6,1525.26
9,218,1203.45,24.22,133.72,5.52,1561.63
12,781,1159.18,65.08,96.6,1.48,1752.72
11,916,1036.91,83.27,94.26,1.13,2098.07
10,358,2066.62,35.8,206.66,5.77,1624.11
12,566,2013.7,47.17,167.81,3.56,1752.03
9,954,1483.39,106,164.82,1.55,2024.2
9,534,1929.94,59.33,214.44,3.61,1624.87
12,765,1343.97,63.75,112,1.76,1953.03
8,630,967.69,78.75,120.96,1.54,1388.05
10,909,696,90.9,69.6,0.77,1505.19
10,223,745.89,22.3,74.59,3.34,1037.45
8,467,1178.71,58.38,147.34,2.52,1483.33
9,708,461.07,78.67,51.23,0.65,1110.6
9,885,1764.97,98.33,196.11,1.99,1694.37
6,855,591.35,142.5,98.56,0.69,1339.72
2,993,54.24,496.5,27.12,0.05,715.19
5,685,747.14,137,149.43,1.09,1216.36
3,981,341.45,327,113.82,0.35,813.95
5,770,873.33,154,174.67,1.13,1502.49
6,697,651.64,116.17,108.61,0.93,1237.71
3,795,450.85,265,150.28,0.57,743.94
3,606,1184.23,202,394.74,1.95,1364.54
3,842,865.37,280.67,288.46,1.03,1251.14
7,748,241.73,106.86,34.53,0.32,971.31
7,624,148.16,89.14,21.17,0.24,905.79
2,713,740.33,356.5,370.17,1.04,1048.28
3,874,1191.4,291.33,397.13,1.36,1515.99
6,761,530.19,126.83,88.37,0.7,1120.1
1,815,97.89,815,97.89,0.12,539.36
1,601,497.7,601,497.7,0.83,644.12
7,817,1127.87,116.71,161.12,1.38,1809.91
1,606,923,606,923,1.52,1050.05
1,909,741.82,909,741.82,0.82,866.07
3,624,1160.92,208,386.97,1.86,1459.34
4,650,619.49,162.5,154.87,0.95,676.38
6,204,818.99,34,136.5,4.01,628.4
1,263,396.49,263,396.49,1.51,198.42
1,451,555.49,451,555.49,1.23,162.18
10,424,474.99,42.4,47.5,1.12,831.96
2,565,389.49,282.5,194.75,0.69,415.96
9,397,348.49,44.11,38.72,0.88,913.29
1,532,413.99,532,413.99,0.78,355.57
2,384,495.49,192,247.75,1.29,290.36
5,754,489.99,150.8,98,0.65,765.13
1,344.46,813.85,344.46,813.85,2.36,707.88
3,906.3,540.03,302.1,180.01,0.6,848.42
3,1007.56,187.52,335.85,62.51,0.19,764.64
1,359.62,221.15,359.62,221.15,0.61,255.57
1,362.79,749.19,362.79,749.19,2.07,636.51
1,288.72,159.26,288.72,159.26,0.55,303.94
2,782.17,830.72,391.09,415.36,1.06,1165.44
2,623.18,347.54,311.59,173.77,0.56,625.15
3,1061.15,388.5,353.72,129.5,0.37,693.36
1,252.75,285.5,252.75,285.5,1.13,331.74
3,1020.39,250.62,340.13,83.54,0.25,779.08
1,257.97,816.81,257.97,816.81,3.17,738.01
3,1025.03,592.55,341.68,197.52,0.58,992.4
2,794.32,402.31,397.16,201.16,0.51,671.06
1,276.85,485.54,276.85,485.54,1.75,361.66
2,851.68,473.96,425.84,236.98,0.56,650.68
3,859.12,611.07,286.37,203.69,0.71,960.47
3,1317.07,476.87,439.02,158.96,0.36,787.42
1,388.1,827.37,388.1,827.37,2.13,741.46
1,264.39,758.27,264.39,758.27,2.87,636.19
5,198.21,594.83,39.64,118.97,3,807.48
6,72.85,457.75,12.14,76.29,6.28,666.59
8,297.64,481.09,37.21,60.14,1.62,835.08
7,237.33,1262.27,33.9,180.32,5.32,1452.17
5,195.73,1228.49,39.15,245.7,6.28,511.23
8,276.28,1179.9,34.54,147.49,4.27,1522.6
8,302.24,1046.04,37.78,130.76,3.46,1353.77
8,266.87,252.08,33.36,31.51,0.94,880.41
9,310.69,239.64,34.52,26.63,0.77,828.16
6,222.08,709.07,37.01,118.18,3.19,1031.34
8,264.94,720.67,33.12,90.08,2.72,1019.85
8,161.15,1230.37,20.14,153.8,7.63,1499.24
9,259.96,554.74,28.88,61.64,2.13,835.54
9,97.85,518.56,10.87,57.62,5.3,850.57
9,194.34,1054.93,21.59,117.21,5.43,1374.9
9,332.35,374.61,36.93,41.62,1.13,830.45
5,126.44,696.14,25.29,139.23,5.51,845.35
5,66.13,848.03,13.23,169.61,12.82,1050.25
6,135.34,1144.13,22.56,190.69,8.45,1478.11
6,233.7,346.98,38.95,57.83,1.48,648.57
9,849,1007.41,94.33,111.93,1.19,1785.47
6,806,1760.64,134.33,293.44,2.18,1718.76
8,891,1194.36,111.38,149.3,1.34,2016.46
9,1182,1342.24,131.33,149.14,1.14,2164.15
7,1010,1514.03,144.29,216.29,1.5,2063.98
8,892,1768.53,111.5,221.07,1.98,1902.37
6,825,1692.73,137.5,282.12,2.05,1817.77
8,1118,1758.52,139.75,219.82,1.57,1852.47
8,1064,1756.52,133,219.57,1.65,1857.04
6,811,1252.04,135.17,208.67,1.54,1771.8
7,889,1417.96,127,202.57,1.6,1826.08
9,1012,1429.04,112.44,158.78,1.41,1880.76
6,909,1332.18,151.5,222.03,1.47,1720.21
9,1096,1690.22,121.78,187.8,1.54,1894.85
9,913,1021.29,101.44,113.48,1.12,1964.86
6,1006,1219.71,167.67,203.29,1.21,1803.97
6,907,1650.17,151.17,275.03,1.82,1737.86
9,816,1171.81,90.67,130.2,1.44,1780.58
7,1006,1181.33,143.71,168.76,1.17,2279.82
6,835,1404.28,139.17,234.05,1.68,1765.79
12,528,2476.41,44,206.37,4.69,1662.88
4,69,2321.49,17.25,580.37,33.64,322
11,1179,31.36,107.18,2.85,0.03,1550.55
13,756,954.4,58.15,73.42,1.26,1793.07
1,123,2076.65,123,2076.65,16.88,1171.68
3,1162,2152.66,387.33,717.55,1.85,1434.71
1,822,2170.53,822,2170.53,2.64,1374.91
11,558,1549.86,50.73,140.9,2.78,1823.47
2,753,1111.16,376.5,555.58,1.48,1353.87
10,224,407.51,22.4,40.75,1.82,794.7
6,383,462.79,63.83,77.13,1.21,800.3
8,1005,1391.37,125.63,173.92,1.38,1987.39
10,1145,311.43,114.5,31.14,0.27,1366.61
5,1004,2367.63,200.8,473.53,2.36,1743.85
5,873,1402.35,174.6,280.47,1.61,1676.79
2,165,1813.32,82.5,906.66,10.99,1273.45
5,1076,190.33,215.2,38.07,0.18,879.65
12,986,2390.92,82.17,199.24,2.42,1760
7,948,657.17,135.43,93.88,0.69,1578.97
3,429,2400.13,143,800.04,5.59,1411.95
4,362,646.43,90.5,161.61,1.79,788.53
2,622,1871.56,311,935.78,3.01,1494.23
1,140,255.99,140,255.99,1.83,150.34
8,123,612.55,15.38,76.57,4.98,851.24
4,87,2463.92,21.75,615.98,28.32,1413.52
10,164,1144.9,16.4,114.49,6.98,1516.43
1,989,2196.84,989,2196.84,2.22,1439.17
4,470,1968.63,117.5,492.16,4.19,1501.1
1,37,1397.17,37,1397.17,37.76,1092.94
8,488,439.7,61,54.96,0.9,1030.13
12,757,897.4,63.08,74.78,1.19,1780.07
14,958,1727.76,68.43,123.41,1.8,2065.16
2,456,2390.7,228,1195.35,5.24,1342.39
5,733,41.18,146.6,8.24,0.06,771.83
5,291,1279.7,58.2,255.94,4.4,1477.12
10,478,2091.79,47.8,209.18,4.38,1568.41
8,817,1455.73,102.13,181.97,1.78,1847.26
6,1043,1404.35,173.83,234.06,1.35,1807.42
2,958,1855.58,479,927.79,1.94,1549.54
9,524,474.75,58.22,52.75,0.91,935.4
6,45,81.59,7.5,13.6,1.81,522.58
8,342,2259.06,42.75,282.38,6.61,1502.02
12,379,1897.29,31.58,158.11,5.01,1682.98
6,333,1254.68,55.5,209.11,3.77,1585.02
2,634,1739.81,317,869.91,2.74,1490.51
5,285,974.73,57,194.95,3.42,1282.84
12,33,1249.13,2.75,104.09,37.85,1707.38
9,118,1285.82,13.11,142.87,10.9,1539.77
1,420,2273.6,420,2273.6,5.41,1220.35
11,312,2072.39,28.36,188.4,6.64,1586.22
10,753,2054.02,75.3,205.4,2.73,1779.08
5,125,96.38,25,19.28,0.77,570.99
6,597,888.84,99.5,148.14,1.49,1395.65
12,1065,203.2,88.75,16.93,0.19,1408.25
1,214,540.03,214,540.03,2.52,402.81
11,886,922.66,80.55,83.88,1.04,1852.24
10,621,978.73,62.1,97.87,1.58,1656.28
4,1000,2355.34,250,588.84,2.36,1699.56
13,534,1765.96,41.08,135.84,3.31,1881.36
6,475,1800.71,79.17,300.12,3.79,1671.23
11,623,2265.21,56.64,205.93,3.64,1739.18
1,620,973.91,620,973.91,1.57,1112.02
13,1004,1757.75,77.23,135.21,1.75,1960.67
8,962,1929.63,120.25,241.2,2.01,1897.19
14,516,1464.67,36.86,104.62,2.84,1842.1
11,685,2272.75,62.27,206.61,3.32,1873.94
3,307,266.21,102.33,88.74,0.87,540.97
3,375,1346.21,125,448.74,3.59,1339.93
4,1124,2177.18,281,544.3,1.94,1567.43
3,779,2110.9,259.67,703.63,2.71,1520.73
8,1173,671.25,146.63,83.91,0.57,1419.34
14,47,1667.14,3.36,119.08,35.47,1745.18
3,981,2008.83,327,669.61,2.05,1539.47
5,516,1450.67,103.2,290.13,2.81,1547.5
6,471,332.51,78.5,55.42,0.71,872.19
2,941,1565.77,470.5,782.89,1.66,1432.79
10,377,301.96,37.7,30.2,0.8,837.36
7,273,285.83,39,40.83,1.05,793.58
1,458,834.7,458,834.7,1.82,737.28
11,772,932.31,70.18,84.76,1.21,1575.52
11,36,1541.47,3.27,140.13,42.82,1593.24
12,211,1048.29,17.58,87.36,4.97,1579.73
7,987,2164.1,141,309.16,2.19,1839.67
9,662,2275.59,73.56,252.84,3.44,1599.27
12,96,1164.37,8,97.03,12.13,1553.21
5,569,1856.7,113.8,371.34,3.26,1623.81
12,128,477.17,10.67,39.76,3.73,874.99
4,886,2401.28,221.5,600.32,2.71,1698
13,19,807.27,1.46,62.1,42.49,1331.53
8,275,2347.09,34.38,293.39,8.53,1454.47
9,963,588.5,107,65.39,0.61,1434.42
14,1056,2489.69,75.43,177.84,2.36,1894.16
5,728,423.16,145.6,84.63,0.58,947.72
4,286,1063.49,71.5,265.87,3.72,418.17
11,332,1352.48,30.18,122.95,4.07,1663.39
12,49,1118.38,4.08,93.2,22.82,1494.81
2,18,2503.46,9,1251.73,139.08,1206.95
14,592,1268.36,42.29,90.6,2.14,1930.24
3,892,171.32,297.33,57.11,0.19,875.39
11,741,1872.39,67.36,170.22,2.53,1847.08
14,807,2358.41,57.64,168.46,2.92,1819.41
5,873,1584.53,174.6,316.91,1.82,1796.7
3,1159,2209.44,386.33,736.48,1.91,1434.84
11,920,1338.65,83.64,121.7,1.46,1871.27
1,388,390.7,388,390.7,1.01,332.06
9,576,1059.79,64,117.75,1.84,1547.5
9,524,2367.12,58.22,263.01,4.52,1640.78
10,459,2183.11,45.9,218.31,4.76,1559.59
4,725,588.9,181.25,147.23,0.81,1097.95
1,992,958.87,992,958.87,0.97,1222.41
10,536,2194.42,53.6,219.44,4.09,1615.13
11,1126,1593.03,102.36,144.82,1.41,2143.74
10,314,1098.8,31.4,109.88,3.5,1539.1
1,9,2246.28,9,2246.28,249.59,1120.22
11,706,1508.23,64.18,137.11,2.14,2030.59
10,976,2166.02,97.6,216.6,2.22,1775.03
5,1028,653.19,205.6,130.64,0.64,1313.95
8,1166,99.47,145.75,12.43,0.09,1149.07
12,882,1958.14,73.5,163.18,2.22,1944.88
11,448,732.79,40.73,66.62,1.64,1090.35
7,623,1691.39,89,241.63,2.71,1800.86
3,127,293.49,42.33,97.83,2.31,303.2
12,218,486.02,18.17,40.5,2.23,1005.67
3,1166,530.44,388.67,176.81,0.45,785.59
11,17,550.58,1.55,50.05,32.39,830.07
9,696,1749.97,77.33,194.44,2.51,1649.49
4,305,125.79,76.25,31.45,0.41,664.43
12,104,1300.05,8.67,108.34,12.5,1779.92
1,303,931.53,303,931.53,3.07,857.42
8,1012,2390.84,126.5,298.86,2.36,1732.12
9,938,2224.29,104.22,247.14,2.37,1913.87
3,471,288.19,157,96.06,0.61,535.67
5,72,977.67,14.4,195.53,13.58,1156.55
10,160,2272.56,16,227.26,14.2,1642.15
10,965,1851.28,96.5,185.13,1.92,1805.77
3,266,2178.16,88.67,726.05,8.19,1447.95
12,734,2491.82,61.17,207.65,3.39,1792.31
12,64,1641.01,5.33,136.75,25.64,1710.72
9,497,1845.08,55.22,205.01,3.71,1674.09
3,781,1801.38,260.33,600.46,2.31,1586.21
3,158,1070.74,52.67,356.91,6.78,1183.16
3,1096,200.27,365.33,66.76,0.18,802.96
11,1116,2067.8,101.45,187.98,1.85,1987.44
10,831,39.86,83.1,3.99,0.05,982.64
14,124,1064.64,8.86,76.05,8.59,1761.68
4,10,1262.73,2.5,315.68,126.27,1261.41
5,955,106.86,191,21.37,0.11,897.78
7,1176,2489.13,168,355.59,2.12,1921.16
6,803,465.6,133.83,77.6,0.58,1012
9,868,62.12,96.44,6.9,0.07,1022.81
1,181,128.05,181,128.05,0.71,225.12
3,70,631.88,23.33,210.63,9.03,564.16
8,1090,419.76,136.25,52.47,0.39,1189.47
14,1184,2269.89,84.57,162.14,1.92,1943.24
1,735,1676.9,735,1676.9,2.28,1365.21
2,547,119.09,273.5,59.55,0.22,509.52
11,265,218.66,24.09,19.88,0.83,949.34
10,223,886.32,22.3,88.63,3.97,1305.54
12,959,1947.82,79.92,162.32,2.03,1833.24
11,498,1578.39,45.27,143.49,3.17,1793.52
14,127,988.4,9.07,70.6,7.78,1688.9
3,621,214.08,207,71.36,0.34,779.66
6,1193,2241.5,198.83,373.58,1.88,1839.47
4,448,2055.97,112,513.99,4.59,1497.46
8,466,2064.63,58.25,258.08,4.43,1558.12
12,229,1216.16,19.08,101.35,5.31,1696.65
13,658,559.48,50.62,43.04,0.85,1573.12
13,1034,2477.98,79.54,190.61,2.4,1842.24
4,842,2464.29,210.5,616.07,2.93,1611.66
13,837,1218.93,64.38,93.76,1.46,1921.68
11,927,1306.37,84.27,118.76,1.41,1804.68
4,1047,1657.68,261.75,414.42,1.58,1605.84
4,262,1681.28,65.5,420.32,6.42,1435.34
7,1126,1103.75,160.86,157.68,0.98,2014.72
5,781,672.91,156.2,134.58,0.86,1125.36
5,831,591.65,166.2,118.33,0.71,1090.31
7,1089,1026.25,155.57,146.61,0.94,2132.85
1,793,2171.07,793,2171.07,2.74,1421.36
9,368,495.12,40.89,55.01,1.35,847.33
6,818,1130.38,136.33,188.4,1.38,1704.06
11,667,1915.95,60.64,174.18,2.87,1732.2
2,267,2116.93,133.5,1058.47,7.93,1349.04
10,1083,2105.36,108.3,210.54,1.94,1844.58
13,529,1767.79,40.69,135.98,3.34,2015.18
9,1155,1346.4,128.33,149.6,1.17,2248.12
7,1185,1768.01,169.29,252.57,1.49,2072.18
5,763,1420.94,152.6,284.19,1.86,1777.14
7,368,1231.69,52.57,175.96,3.35,1550.04
6,659,322.1,109.83,53.68,0.49,972.58
14,1138,518.18,81.29,37.01,0.46,1696.86
6,172,1977.78,28.67,329.63,11.5,1603.89
6,628,311.47,104.67,51.91,0.5,903.3
2,500,1246.48,250,623.24,2.49,1264.53
8,7,2075.6,0.88,259.45,296.51,1422.12
5,942,2092.87,188.4,418.57,2.22,1696.72
12,81,2485.34,6.75,207.11,30.68,1589.65
4,166,791.52,41.5,197.88,4.77,866.18
3,213,1724.85,71,574.95,8.1,1344.71
11,1004,167.15,91.27,15.2,0.17,1175.65
5,116,478.1,23.2,95.62,4.12,624.04
13,112,2299.56,8.62,176.89,20.53,1807.67
1,43,2149.22,43,2149.22,49.98,1134.47
2,660,1944.4,330,972.2,2.95,1531.2
10,888,298.68,88.8,29.87,0.34,1171.54
10,860,2380.76,86,238.08,2.77,1759.97
10,1187,1981.09,118.7,198.11,1.67,2013.21
12,1139,124.65,94.92,10.39,0.11,1314.3
5,966,359.51,193.2,71.9,0.37,927.98
10,796,1352.08,79.6,135.21,1.7,2000.19
9,72,1281.32,8,142.37,17.8,1515.54
10,215,2440.91,21.5,244.09,11.35,1638.66
7,671,1297.02,95.86,185.29,1.93,1703.2
5,230,333.69,46,66.74,1.45,538.36
5,467,1243.31,93.4,248.66,2.66,1549.82
13,247,2339.61,19,179.97,9.47,1705.9
14,777,1248.61,55.5,89.19,1.61,1837.25
11,740,1171.99,67.27,106.54,1.58,902.09
6,884,1798.31,147.33,299.72,2.03,1897.87
5,789,1853.31,157.8,370.66,2.35,1792.88
4,825,874.99,206.25,218.75,1.06,784.52
2,301,769.23,150.5,384.62,2.56,731.28
12,1007,1353.77,83.92,112.81,1.34,1925.32
5,865,644.79,173,128.96,0.75,1202.46
14,81,1251.97,5.79,89.43,15.46,1682.62
8,1159,2175.27,144.88,271.91,1.88,1752.18
11,496,373.98,45.09,34,0.75,1152.99
1,752,1632.35,752,1632.35,2.17,1362.39
5,1014,1853.57,202.8,370.71,1.83,1749.31
9,686,145.66,76.22,16.18,0.21,972.95
5,654,1272.89,130.8,254.58,1.95,1724.68
8,621,2391.34,77.63,298.92,3.85,1593.12
9,1080,539.51,120,59.95,0.5,1306.91
10,714,269.06,71.4,26.91,0.38,1067.81
10,816,1425.64,81.6,142.56,1.75,1872.81
14,1122,1766.25,80.14,126.16,1.57,2239.35
4,1202,1074.87,300.5,268.72,0.89,1501.24
5,651,1573.3,130.2,314.66,2.42,1682.08
14,1100,237.69,78.57,16.98,0.22,1265.57
14,296,485.68,21.14,34.69,1.64,924.9
1,697,2148.5,697,2148.5,3.08,1421.07
6,1044,47.46,174,7.91,0.05,1133.45
12,398,2481.44,33.17,206.79,6.23,1755.18
3,139,2428.89,46.33,809.63,17.47,1345.66
6,84,852.7,14,142.12,10.15,1109.32
2,423,1639.17,211.5,819.59,3.88,1367.64
11,815,2385.6,74.09,216.87,2.93,1872.44
6,577,897.74,96.17,149.62,1.56,1257.31
8,200,1508.89,25,188.61,7.54,1461.33
9,1102,540.6,122.44,60.07,0.49,1455.85
12,508,1970.54,42.33,164.21,3.88,1770.91
13,1024,1712.85,78.77,131.76,1.67,2097.69
7,1161,1499.97,165.86,214.28,1.29,1862.45
2,730,285.24,365,142.62,0.39,624.78
13,996,1809.2,76.62,139.17,1.82,1956.89
5,1160,1901.83,232,380.37,1.64,1673.89
2,1139,306.43,569.5,153.22,0.27,726.14
14,191,2442.76,13.64,174.48,12.79,1798.47
7,776,2447.82,110.86,349.69,3.15,1826.93
14,414,1919.7,29.57,137.12,4.64,1918.89
7,847,1994.62,121,284.95,2.35,1851.7
6,924,1227.21,154,204.54,1.33,1871.76
2,933,1589.58,466.5,794.79,1.7,1489.99
1,211,958.08,211,958.08,4.54,891.9
10,773,865.92,77.3,86.59,1.12,1837.11
3,196,1211.68,65.33,403.89,6.18,1229.87
14,49,954.02,3.5,68.14,19.47,1480.87
5,477,655.24,95.4,131.05,1.37,935.38
5,828,1606.84,165.6,321.37,1.94,1690.82
11,458,1364.29,41.64,124.03,2.98,1649.04
3,289,1245.67,96.33,415.22,4.31,1279.31
1,1060,501.67,1060,501.67,0.47,658.14
5,1085,2486.43,217,497.29,2.29,1664.83
4,675,381.48,168.75,95.37,0.57,779.68
8,415,1214.97,51.88,151.87,2.93,1473.75
6,425,709.75,70.83,118.29,1.67,1114.9
7,313,2408.02,44.71,344,7.69,1637.65
13,235,426.07,18.08,32.77,1.81,897.26
7,635,1406.31,90.71,200.9,2.21,1630.66
10,1009,2164.22,100.9,216.42,2.14,1889.87
3,692,450.7,230.67,150.23,0.65,748.57
2,91,1073.76,45.5,536.88,11.8,1013.78
8,1187,1045.91,148.38,130.74,0.88,2047.06
14,600,1120.05,42.86,80,1.87,1847.84
5,210,710.49,42,142.1,3.38,483.34
12,10,1203.1,0.83,100.26,120.31,1564.9
1,452,275.05,452,275.05,0.61,282.89
4,256,2218.74,64,554.69,8.67,1476.03
8,312,2383.17,39,297.9,7.64,1557.27
2,1175,816.2,587.5,408.1,0.69,1237.62
11,960,383.64,87.27,34.88,0.4,1248.46
6,690,1009.37,115,168.23,1.46,1559.83
14,487,579.29,34.79,41.38,1.19,1516.68
8,75,315.71,9.38,39.46,4.21,593.83
13,360,271.93,27.69,20.92,0.76,1017.64
11,708,1871.77,64.36,170.16,2.64,1916.37
3,182,347.82,60.67,115.94,1.91,384.77
10,683,2442.92,68.3,244.29,3.58,1643.68
5,392,1264.6,78.4,252.92,3.23,1465.72
10,175,1443.25,17.5,144.33,8.25,1635.5
7,577,1959.13,82.43,279.88,3.4,1603.6
13,799,951.92,61.46,73.22,1.19,1793.36
13,608,370.89,46.77,28.53,0.61,1170.54
7,194,202.49,27.71,28.93,1.04,686.23
13,889,232.72,68.38,17.9,0.26,1394.38
7,901,136.8,128.71,19.54,0.15,1222.6
1,698,1525.82,698,1525.82,2.19,1398.75
9,592,793.55,65.78,88.17,1.34,1235.69
14,1015,871.76,72.5,62.27,0.86,1846.41
9,524,136.46,58.22,15.16,0.26,848.89
5,781,2114.27,156.2,422.85,2.71,1789.85
3,200,58.24,66.67,19.41,0.29,494.63
5,503,2335.55,100.6,467.11,4.64,1649.42
11,667,2221.67,60.64,201.97,3.33,1872.89
7,336,1843.58,48,263.37,5.49,1691.68
4,217,1506.46,54.25,376.62,6.94,1455.37
8,207,1146.93,25.88,143.37,5.54,1479.01
7,690,1807.71,98.57,258.24,2.62,1710.98
2,251,1916.43,125.5,958.22,7.64,1285.2
4,627,956.98,156.75,239.25,1.53,1337.63
1,432,581.71,432,581.71,1.35,448.34
4,1194,2250.51,298.5,562.63,1.88,1691.15
10,64,455.9,6.4,45.59,7.12,774.64
8,15,377.85,1.88,47.23,25.19,657.8
11,741,1207.39,67.36,109.76,1.63,1878.06
8,638,1007.48,79.75,125.94,1.58,1483.06
12,965,1700.28,80.42,141.69,1.76,1879.09
8,1182,990.07,147.75,123.76,0.84,1840.75
13,1062,869.28,81.69,66.87,0.82,2090.54
1,754,1220.47,754,1220.47,1.62,1346.14
14,767,186.47,54.79,13.32,0.24,1292.77
11,775,1752.23,70.45,159.29,2.26,1809.29
8,592,1402.98,74,175.37,2.37,1561.41
6,957,727.75,159.5,121.29,0.76,1448.72
9,800,2167.72,88.89,240.86,2.71,1726.51
6,1198,222.6,199.67,37.1,0.19,1107.96
3,1092,1737.65,364,579.22,1.59,1462.01
12,958,2499.84,79.83,208.32,2.61,1791.69
11,955,1282.19,86.82,116.56,1.34,2000.42
11,605,1880.69,55,170.97,3.11,1711.55
7,670,1558.02,95.71,222.57,2.33,1702.81
11,844,1962.77,76.73,178.43,2.33,1787.57
3,718,1158.02,239.33,386.01,1.61,1416.98
6,323,1477.23,53.83,246.21,4.57,1608.55
14,616,2374.41,44,169.6,3.85,1828.37
8,752,1519.78,94,189.97,2.02,1662.92
1,1166,1423.69,1166,1423.69,1.22,1412.13
3,1187,1632.14,395.67,544.05,1.38,1451.85
3,1013,166.52,337.67,55.51,0.16,711.07
5,741,429.24,148.2,85.85,0.58,951.92
14,467,2176.26,33.36,155.45,4.66,1809.83
3,224,358.77,74.67,119.59,1.6,406.36
3,712,512.23,237.33,170.74,0.72,751.16
12,218,901.03,18.17,75.09,4.13,1371.86
6,373,587.38,62.17,97.9,1.57,956.61
8,562,2479.33,70.25,309.92,4.41,1478.31
5,132,2387.03,26.4,477.41,18.08,1454.05
3,98,871.46,32.67,290.49,8.89,866.05
14,545,1206.76,38.93,86.2,2.21,1977.89
1,869,1498.88,869,1498.88,1.72,1398.94
2,875,393.25,437.5,196.63,0.45,640.56
8,888,2296.07,111,287.01,2.59,1718.71
1,716,1396.41,716,1396.41,1.95,1376.59
8,1025,1031.33,128.13,128.92,1.01,2214.64
9,1064,2016.76,118.22,224.08,1.9,1810.94
4,463,1963.41,115.75,490.85,4.24,1607.34
1,678,1478.57,678,1478.57,2.18,1370.31
1,436,1358.14,436,1358.14,3.12,1154.03
5,586,2135.36,117.2,427.07,3.64,1661.61
1,797,126.8,797,126.8,0.16,543.18
14,481,939.99,34.36,67.14,1.95,877.17
7,172,1486.86,24.57,212.41,8.64,1557.94
10,1192,23.47,119.2,2.35,0.02,1157.87
7,981,658.85,140.14,94.12,0.67,1351.69
10,692,1671.71,69.2,167.17,2.42,1701.23
13,710,2223.86,54.62,171.07,3.13,1979.83
12,380,1526.79,31.67,127.23,4.02,1787.41
3,133,1728.5,44.33,576.17,13,1373.4
4,730,799.25,182.5,199.81,1.09,1250.66
12,1070,1055.51,89.17,87.96,0.99,2030.76
8,1185,554.98,148.13,69.37,0.47,1545.67
11,456,2223.72,41.45,202.16,4.88,1600.1
12,85,1056.43,7.08,88.04,12.43,1466.31
2,543,103.37,271.5,51.69,0.19,544.12
6,367,1947.68,61.17,324.61,5.31,1606.76
1,481,1792.17,481,1792.17,3.73,1215.84
5,233,1862.04,46.6,372.41,7.99,1562.23
1,45,1070.22,45,1070.22,23.78,922.69
5,152,2444.81,30.4,488.96,16.08,1523.75
7,344,1242.05,49.14,177.44,3.61,1514.4
5,320,1584.55,64,316.91,4.95,1584.73
9,989,378.12,109.89,42.01,0.38,1193.72
10,57,936.89,5.7,93.69,16.44,1237.07
12,342,2253.61,28.5,187.8,6.59,1659.5
2,983,2109.93,491.5,1054.97,2.15,1519.98
10,886,1990.03,88.6,199,2.25,1749.93
10,5,836.86,0.5,83.69,167.37,1116.56
3,80,517.54,26.67,172.51,6.47,457.49
8,482,1411.49,60.25,176.44,2.93,631.81
4,11,312.01,2.75,78,28.36,426.22
12,1075,2328.11,89.58,194.01,2.17,1798.38
13,632,268.91,48.62,20.69,0.43,1396.28
8,323,46.48,40.38,5.81,0.14,703.45
11,527,1550.32,47.91,140.94,2.94,1806.06
5,948,898.6,189.6,179.72,0.95,1499.68
5,504,1502.63,100.8,300.53,2.98,1628.66
10,793,1422.29,79.3,142.23,1.79,2007.62
13,32,232.43,2.46,17.88,7.26,805.12
9,768,1815.6,85.33,201.73,2.36,1666.18
9,994,1742.62,110.44,193.62,1.75,1849.58
1,1105,1432.3,1105,1432.3,1.3,1387.17
12,178,507.59,14.83,42.3,2.85,907.19
10,472,431.95,47.2,43.2,0.92,924.65
5,716,1111.23,143.2,222.25,1.55,1492.08
3,771,725.67,257,241.89,0.94,1166.93
13,1054,1131.25,81.08,87.02,1.07,2162.03
10,872,2191.27,87.2,219.13,2.51,1776.62
12,1077,32.55,89.75,2.71,0.03,1387.43
12,211,749.56,17.58,62.46,3.55,1285.23
4,199,1310.01,49.75,327.5,6.58,1400.57
2,1029,1702.6,514.5,851.3,1.65,1577.55
10,643,2263.77,64.3,226.38,3.52,1685.92
10,797,1706.73,79.7,170.67,2.14,1724.42
12,657,322.5,54.75,26.88,0.49,1113.16
8,177,486.06,22.13,60.76,2.75,751.58
2,222,456.24,111,228.12,2.06,437.4
3,555,2342.76,185,780.92,4.22,1458.63
2,785,1964.63,392.5,982.32,2.5,1522.76
5,104,281.67,20.8,56.33,2.71,464.68
1,673,2026.16,673,2026.16,3.01,1372.83
10,877,1711.12,87.7,171.11,1.95,1897.37
1,250,1300.17,250,1300.17,5.2,1145.33
1,467,296.49,467,296.49,0.63,221.23
10,1026,828.82,102.6,82.88,0.81,1865.67
11,1106,2250.54,100.55,204.59,2.03,2050.62
12,452,816.56,37.67,68.05,1.81,1243.1
14,865,2497.16,61.79,178.37,2.89,1885.87
8,107,2450.89,13.38,306.36,22.91,1468.19
8,80,1092.18,10,136.52,13.65,1365.73
8,945,766.98,118.13,95.87,0.81,1625.53
13,1140,1607.8,87.69,123.68,1.41,2214.64
2,636,1438.19,318,719.1,2.26,1435.96
14,865,1422.11,61.79,101.58,1.64,1921.18
12,482,1710.47,40.17,142.54,3.55,1746.74
2,68,756.61,34,378.31,11.13,648.53
14,512,526.84,36.57,37.63,1.03,1306.64
14,1001,1647.24,71.5,117.66,1.65,2080
1,547,573.6,547,573.6,1.05,616.27
10,5,1338.9,0.5,133.89,267.78,1610.25
3,1158,1107.4,386,369.13,0.96,1361.3
1,993,1143.58,993,1143.58,1.15,1328.85
6,378,837.63,63,139.61,2.22,1215.96
11,1156,2231.86,105.09,202.9,1.93,1988.56
5,1050,882.86,210,176.57,0.84,1430.04
8,836,735.52,104.5,91.94,0.88,1606.63
11,654,1516.42,59.45,137.86,2.32,1870.43
8,633,1308.36,79.13,163.55,2.07,1639.12
12,713,1642.01,59.42,136.83,2.3,1873.19
5,96,1105.47,19.2,221.09,11.52,1312.16
7,1054,576.47,150.57,82.35,0.55,1344.18
12,495,1948.13,41.25,162.34,3.94,1831.92
1,1068,2011.28,1068,2011.28,1.88,1421.45
7,1000,1620.46,142.86,231.49,1.62,1971.23
13,855,1798.75,65.77,138.37,2.1,1951.77
8,544,1279.51,68,159.94,2.35,1483.77
11,816,544.99,74.18,49.54,0.67,1077.12
5,1080,2383.82,216,476.76,2.21,1664.76
8,1124,1908.69,140.5,238.59,1.7,1833.27
3,29,1632.85,9.67,544.28,56.31,1269.1
6,470,2235.72,78.33,372.62,4.76,1628.6
7,287,2293.5,41,327.64,7.99,1558.09
4,72,1367.29,18,341.82,18.99,1302.97
6,344,233.31,57.33,38.89,0.68,800.18
8,801,1241.21,100.13,155.15,1.55,1780.65
5,629,484.34,125.8,96.87,0.77,1029.87
11,327,961.08,29.73,87.37,2.94,1356.46
14,94,105.94,6.71,7.57,1.13,1180.63
4,1113,2103.82,278.25,525.96,1.89,1695.08
14,267,2090.21,19.07,149.3,7.83,1968.4
1,979,1292.54,979,1292.54,1.32,1313.53
10,625,519.94,62.5,51.99,0.83,1229.41
14,457,848.61,32.64,60.62,1.86,1492.64
11,398,723.39,36.18,65.76,1.82,1154.77
14,68,438.96,4.86,31.35,6.46,866.76
3,769,2497.93,256.33,832.64,3.25,1587.8
13,694,1054.31,53.38,81.1,1.52,1815.02
12,1088,1977.91,90.67,164.83,1.82,1883.21
9,101,950.23,11.22,105.58,9.41,1281.64
1,170,2452.85,170,2452.85,14.43,1209.08
12,1135,475.95,94.58,39.66,0.42,1447.39
3,1109,2092.26,369.67,697.42,1.89,1436.66
7,753,358.13,107.57,51.16,0.48,1084.79
2,521,467.19,260.5,233.6,0.9,667.85
12,1003,983.23,83.58,81.94,0.98,1996.18
3,269,708.05,89.67,236.02,2.63,799.12
14,646,2418.19,46.14,172.73,3.74,1931.21
14,1153,346.58,82.36,24.76,0.3,1292.93
4,18,289.06,4.5,72.27,16.06,380.88
13,1167,1074.36,89.77,82.64,0.92,2197.33
1,1113,1536,1113,1536,1.38,1403.6
6,930,1907.95,155,317.99,2.05,1788.75
5,714,617.72,142.8,123.54,0.87,1164.2
7,256,2180.53,36.57,311.5,8.52,1548.87
9,1063,2497.79,118.11,277.53,2.35,1761.94
11,512,2016.19,46.55,183.29,3.94,1710.53
9,463,1024.53,51.44,113.84,2.21,1476.48
12,714,2003.23,59.5,166.94,2.81,1829.06
9,1165,1868.79,129.44,207.64,1.6,1945.95
1,872,2420.07,872,2420.07,2.78,1456.34
10,631,1220.71,63.1,122.07,1.93,1730.86
9,633,888.17,70.33,98.69,1.4,1384.78
4,1065,119.34,266.25,29.84,0.11,781.82
12,947,193.05,78.92,16.09,0.2,1225.63
4,159,568.58,39.75,142.15,3.58,647
1,292,449.83,292,449.83,1.54,363.02
1,1115,926.13,1115,926.13,0.83,1192.88
7,1168,667.94,166.86,95.42,0.57,1639.55
4,348,2047.08,87,511.77,5.88,1507.04
8,77,1930.98,9.63,241.37,25.08,1485.69
7,1033,1013.03,147.57,144.72,0.98,2119.83
4,672,1603.52,168,400.88,2.39,1612.43
4,1191,999.45,297.75,249.86,0.84,1478.93
8,392,661.27,49,82.66,1.69,978.13
7,951,584.4,135.86,83.49,0.61,1253.76
5,778,2423.47,155.6,484.69,3.12,1643.96
11,958,1999.13,87.09,181.74,2.09,1900.18
3,186,1068.31,62,356.1,5.74,1152.04
5,1116,2460.46,223.2,492.09,2.2,1711.97
13,63,107.92,4.85,8.3,1.71,710.25
6,170,476.99,28.33,79.5,2.81,600.23
3,870,413.23,290,137.74,0.47,795.8
12,852,1957.9,71,163.16,2.3,1944.89
6,420,386.77,70,64.46,0.92,929.16
6,668,1922.45,111.33,320.41,2.88,1796.98
8,795,1645.99,99.38,205.75,2.07,644.69
4,420,927.74,105,231.94,2.21,1238.04
12,1074,2407.71,89.5,200.64,2.24,1843.97
12,916,2394.85,76.33,199.57,2.61,1740.85
4,1075,586.17,268.75,146.54,0.55,1023.65
5,1143,1217.72,228.6,243.54,1.07,1745.09
2,719,591.44,359.5,295.72,0.82,755.3
4,197,1858.84,49.25,464.71,9.44,1416.33
6,248,395.4,41.33,65.9,1.59,710.15
10,834,1820.8,83.4,182.08,2.18,1883.49
1,1112,2011.44,1112,2011.44,1.81,1423.85
12,1189,1453.16,99.08,121.1,1.22,2162.13
14,269,1349.61,19.21,96.4,5.02,1832.34
7,671,1262.85,95.86,180.41,1.88,1600.42
9,52,350.58,5.78,38.95,6.74,601.81
14,976,1526.58,69.71,109.04,1.56,1995.87
2,370,1554.5,185,777.25,4.2,1311.23
4,1180,1948.55,295,487.14,1.65,1565.16
5,36,2022.94,7.2,404.59,56.19,1410.58
5,691,1030.64,138.2,206.13,1.49,1465.26
8,52,2353.5,6.5,294.19,45.26,1485.05
11,24,2029.04,2.18,184.46,84.54,1569.37
8,221,936.98,27.63,117.12,4.24,1287
1,85,89.83,85,89.83,1.06,175.53
7,803,12.75,114.71,1.82,0.02,1146.78
12,893,910.41,74.42,75.87,1.02,1862.13
14,113,1091.13,8.07,77.94,9.66,1703.02
5,516,1878.49,103.2,375.7,3.64,669.85
14,904,2005.96,64.57,143.28,2.22,1970.01
1,1058,1601.04,1058,1601.04,1.51,1465.9
14,555,313.73,39.64,22.41,0.57,1201.26
7,738,730.28,105.43,104.33,0.99,1429.72
8,792,2437.24,99,304.66,3.08,1556.7
5,831,432.8,166.2,86.56,0.52,901.36
7,709,320.8,101.29,45.83,0.45,1116.62
9,1078,161.85,119.78,17.98,0.15,1260.96
2,616,968.93,308,484.47,1.57,1163.1
2,570,2297.12,285,1148.56,4.03,1423.86
9,13,986.41,1.44,109.6,75.88,1271.52
7,381,2106.96,54.43,300.99,5.53,1705.27
9,460,2424.47,51.11,269.39,5.27,1624.68
4,425,1286.54,106.25,321.64,3.03,1449.26
11,437,1053.24,39.73,95.75,2.41,1630.47
9,1000,1901.79,111.11,211.31,1.9,1778.65
1,553,1687.11,553,1687.11,3.05,1295.34
10,5,1094.06,0.5,109.41,218.81,1361.08
12,931,864.21,77.58,72.02,0.93,1663.58
6,436,914.53,72.67,152.42,2.1,1389.11
3,1074,247.32,358,82.44,0.23,636.02
9,896,1398.54,99.56,155.39,1.56,1727.1
1,462,2047.57,462,2047.57,4.43,1202.9
3,665,2418.16,221.67,806.05,3.64,1490.96
11,532,2419.86,48.36,219.99,4.55,1653.69
9,483,52.64,53.67,5.85,0.11,949.04
12,296,326.83,24.67,27.24,1.1,981.72
9,131,1990,14.56,221.11,15.19,1557.2
6,836,2035.17,139.33,339.2,2.43,1718.79
10,532,1223.36,53.2,122.34,2.3,1631.49
14,595,2140.61,42.5,152.9,3.6,1989.13
7,623,1894.02,89,270.57,3.04,1739.49
5,1077,2234.35,215.4,446.87,2.07,1665.23
5,579,1018.52,115.8,203.7,1.76,1468.01
8,255,1817.19,31.88,227.15,7.13,1510.91
8,1009,1378.07,126.13,172.26,1.37,1903.76
10,87,498.96,8.7,49.9,5.74,781.97
1,809,1734.56,809,1734.56,2.14,1447.25
9,1079,1981.94,119.89,220.22,1.84,1763.16
8,1134,1049.84,141.75,131.23,0.93,2073.13
8,403,654.97,50.38,81.87,1.63,895.14
8,534,429.88,66.75,53.74,0.81,916.02
13,564,2245.56,43.38,172.74,3.98,1745.09
2,752,958.29,376,479.15,1.27,1144.41
11,293,1410,26.64,128.18,4.81,1673.7
5,919,470.23,183.8,94.05,0.51,1119.17
5,103,333.22,20.6,66.64,3.24,573.58
1,893,19.76,893,19.76,0.02,570.71
12,37,52.65,3.08,4.39,1.42,789.01
8,1142,776.74,142.75,97.09,0.68,1827.44
5,332,218.03,66.4,43.61,0.66,801.73
7,950,1739.62,135.71,248.52,1.83,2032.23
9,223,1916.03,24.78,212.89,8.59,1623.73
6,522,1210.87,87,201.81,2.32,1577.01
12,46,2077.07,3.83,173.09,45.15,1666.29
2,252,1545.94,126,772.97,6.13,1300.19
14,999,619.42,71.36,44.24,0.62,1510.57
13,125,2004.61,9.62,154.2,16.04,1721.56
9,597,625.99,66.33,69.55,1.05,990.84
3,289,853.79,96.33,284.6,2.95,969.85
7,953,1918.24,136.14,274.03,2.01,1833.56
4,275,2359.64,68.75,589.91,8.58,1483.58
5,755,1584.41,151,316.88,2.1,1729.08
9,803,880.17,89.22,97.8,1.1,1589.75
11,293,285.14,26.64,25.92,0.97,966.87
6,164,1460.21,27.33,243.37,8.9,1535.3
12,675,2277.93,56.25,189.83,3.37,1807.33
11,859,146.71,78.09,13.34,0.17,1267.98
2,296,1878.7,148,939.35,6.35,1354
7,300,2417.85,42.86,345.41,8.06,1634.04
2,1155,1517.18,577.5,758.59,1.31,1543.17
5,765,480.48,153,96.1,0.63,1038.42
9,1097,2330.2,121.89,258.91,2.12,1728.07
4,422,2049.71,105.5,512.43,4.86,1491.9
14,1020,510.33,72.86,36.45,0.5,1406.95
4,205,545.57,51.25,136.39,2.66,682.22
12,1046,1850.85,87.17,154.24,1.77,1875.72
4,1001,739.08,250.25,184.77,0.74,1116.31
9,938,742.17,104.22,82.46,0.79,1632.1
5,351,407.74,70.2,81.55,1.16,883.11
9,748,653.42,83.11,72.6,0.87,1249.66
13,1186,2462.26,91.23,189.4,2.08,1906.35
6,384,1656.04,64,276.01,4.31,1682.33
10,150,418.41,15,41.84,2.79,844.9
10,783,158.93,78.3,15.89,0.2,993.55
6,372,2494.69,62,415.78,6.71,1742.34
10,958,1643.76,95.8,164.38,1.72,1827.18
8,34,1225.2,4.25,153.15,36.04,1438.52
7,151,2461.93,21.57,351.7,16.3,1516.58
7,150,1379.35,21.43,197.05,9.2,1500.09
6,751,2085.98,125.17,347.66,2.78,1757.81
7,568,159.12,81.14,22.73,0.28,738.92
12,574,2240.9,47.83,186.74,3.9,1785.72
13,36,808.38,2.77,62.18,22.46,1190.16
14,595,1818.77,42.5,129.91,3.06,1889.9
7,381,2342.27,54.43,334.61,6.15,1705.24
14,174,815.3,12.43,58.24,4.69,1295.14
11,226,2013.45,20.55,183.04,8.91,1590.82
13,137,1505.66,10.54,115.82,10.99,1777.72
13,774,206.45,59.54,15.88,0.27,1110
5,1120,1514.91,224,302.98,1.35,1658.97
4,862,2335.55,215.5,583.89,2.71,1698.94
8,829,1147.89,103.63,143.49,1.38,2004.34
4,380,446.66,95,111.67,1.18,764.24
9,238,1197.83,26.44,133.09,5.03,1560.78
13,1199,493,92.23,37.92,0.41,1634.13
12,710,1249.41,59.17,104.12,1.76,1921.09
14,719,1973.14,51.36,140.94,2.74,1980.99
1,482,1697.08,482,1697.08,3.52,1198.24
9,444,725.31,49.33,80.59,1.63,1062.52
11,610,1990.79,55.45,180.98,3.26,1753.56
4,238,1707.28,59.5,426.82,7.17,1483.48
2,299,1612.7,149.5,806.35,5.39,1282.8
10,273,799.9,27.3,79.99,2.93,1155.05
3,154,274.04,51.33,91.35,1.78,406.91
7,636,697.02,90.86,99.57,1.1,1276.06
2,1038,685.07,519,342.54,0.66,962.14
2,798,2334.41,399,1167.21,2.93,1485.4
12,601,2166.56,50.08,180.55,3.6,1918.46
6,290,814.04,48.33,135.67,2.81,1077.35
8,16,259.02,2,32.38,16.19,543.56
8,303,1072.44,37.88,134.06,3.54,1453.25
11,372,2048.26,33.82,186.21,5.51,1632.61
3,864,2338.52,288,779.51,2.71,1513.04
11,913,2253.41,83,204.86,2.47,1758.56
14,805,834.06,57.5,59.58,1.04,1683.49
5,905,2317.31,181,463.46,2.56,1691.38
10,728,226.53,72.8,22.65,0.31,1060.47
4,842,893.25,210.5,223.31,1.06,1324.64
5,117,953.06,23.4,190.61,8.15,1116.8
12,307,957.17,25.58,79.76,3.12,1432.75
9,51,314.81,5.67,34.98,6.17,704.94
7,1071,841.11,153,120.16,0.79,1699.9
13,922,1510.22,70.92,116.17,1.64,1967.87
8,867,2373.39,108.38,296.67,2.74,1747.22
11,1013,1483.3,92.09,134.85,1.46,1952.8
6,1148,1525.81,191.33,254.3,1.33,1776.48
12,158,2195.67,13.17,182.97,13.9,1625.46
5,1010,2054.21,202,410.84,2.03,1810.37
1,682,1517.04,682,1517.04,2.22,1376.04
5,14,78.33,2.8,15.67,5.6,406.7
6,1203,1900.48,200.5,316.75,1.58,1972.88
4,810,1852.31,202.5,463.08,2.29,1575.87
3,760,2073.25,253.33,691.08,2.73,1522.45
7,868,625.09,124,89.3,0.72,1403.48
7,205,103.31,29.29,14.76,0.5,683.1
5,387,1882.35,77.4,376.47,4.86,1588.8
11,447,130.07,40.64,11.82,0.29,852.02
9,482,1348.44,53.56,149.83,2.8,1633.26
7,15,2436.67,2.14,348.1,162.44,1459.63
10,955,1182.33,95.5,118.23,1.24,1950.3
5,41,2314.68,8.2,462.94,56.46,1500.28
2,1189,1164.74,594.5,582.37,0.98,1666.52
2,762,519.74,381,259.87,0.68,752.69
10,895,937.46,89.5,93.75,1.05,1714.8
13,858,2258.01,66,173.69,2.63,1889.71
11,650,524.8,59.09,47.71,0.81,1179.09
4,198,2106.63,49.5,526.66,10.64,1450.67
1,791,1927.75,791,1927.75,2.44,1419.88
14,1020,1201.75,72.86,85.84,1.18,2337.73
12,59,2247.39,4.92,187.28,38.09,1629.92
8,626,545.84,78.25,68.23,0.87,1142.89
5,57,559.05,11.4,111.81,9.81,639.73
5,908,716.7,181.6,143.34,0.79,1375.88
13,8,78.44,0.62,6.03,9.81,713.71
11,684,672.51,62.18,61.14,0.98,1487.93
4,180,2365.46,45,591.37,13.14,1443.02
13,511,1628.33,39.31,125.26,3.19,1915.79
4,231,20.39,57.75,5.1,0.09,499.26
9,1139,1973.31,126.56,219.26,1.73,1759.33
9,578,1167.71,64.22,129.75,2.02,1587.21
14,530,2028.06,37.86,144.86,3.83,2079.14
7,316,141.89,45.14,20.27,0.45,837.8
2,897,2382.39,448.5,1191.2,2.66,1437.95
12,121,608.92,10.08,50.74,5.03,1033.44
4,764,1417.94,191,354.49,1.86,1682.1
11,663,2141.08,60.27,194.64,3.23,1715.29
3,91,1640.15,30.33,546.72,18.02,1338.3
1,1035,1289.84,1035,1289.84,1.25,1317.33
7,125,193.62,17.86,27.66,1.55,616.24
12,437,639.96,36.42,53.33,1.46,1183.74
4,84,2243.12,21,560.78,26.7,1392.1
5,716,1316.6,143.2,263.32,1.84,1686.98
12,18,2461.37,1.5,205.11,136.74,1556.78
3,560,1664.15,186.67,554.72,2.97,1419.48
3,504,63.39,168,21.13,0.13,568.17
5,1126,664.9,225.2,132.98,0.59,1336.74
1,1092,390.55,1092,390.55,0.36,589.11
11,273,502.37,24.82,45.67,1.84,862.61
4,6,458.7,1.5,114.68,76.45,459.21
1,620,490.45,620,490.45,0.79,678.74
5,659,2083.15,131.8,416.63,3.16,1645.06
12,353,2150.17,29.42,179.18,6.09,1765.67
13,618,1982.27,47.54,152.48,3.21,2000.39
2,1158,2355.92,579,1177.96,2.03,1528.91
3,512,1251.6,170.67,417.2,2.44,1360.76
5,840,941.55,168,188.31,1.12,1676.48
7,1086,2319.81,155.14,331.4,2.14,1858.36
13,1152,864.45,88.62,66.5,0.75,1797.14
4,840,1375.42,210,343.86,1.64,1580.95
4,724,89.99,181,22.5,0.12,667.98
3,327,2141.92,109,713.97,6.55,1438.41
13,1055,2005.84,81.15,154.3,1.9,1997.52
1,931,327.97,931,327.97,0.35,609.73
10,108,2181.67,10.8,218.17,20.2,1632.42
13,1204,24.47,92.62,1.88,0.02,1344.17
5,517,919.25,103.4,183.85,1.78,1288.31
8,897,1536.36,112.13,192.05,1.71,1944.62
12,988,2492.79,82.33,207.73,2.52,1753.84
1,1041,1630.25,1041,1630.25,1.57,1466.95
10,454,2359.42,45.4,235.94,5.2,1619
5,406,1084.16,81.2,216.83,2.67,1399.39
4,103,1790.07,25.75,447.52,17.38,1394.55
11,198,269.95,18,24.54,1.36,695.66
4,477,18.97,119.25,4.74,0.04,631.5
11,67,2455.53,6.09,223.23,36.65,1572.91
7,789,185.73,112.71,26.53,0.24,966.26
13,70,993.7,5.38,76.44,14.2,1492.02
12,59,858.62,4.92,71.55,14.55,1377.35
3,1027,180,342.33,60,0.18,804.96
3,275,543.74,91.67,181.25,1.98,572.73
12,180,384.42,15,32.04,2.14,873.97
3,334,2449.89,111.33,816.63,7.34,1472.53
7,759,1694.02,108.43,242,2.23,1960.92
10,174,1991.96,17.4,199.2,11.45,1542.4
1,780,366.37,780,366.37,0.47,516.69
9,934,415.5,103.78,46.17,0.44,1208.82
8,936,556.28,117,69.54,0.59,1277.26
1,1002,2320.13,1002,2320.13,2.32,1475.4
7,83,137.84,11.86,19.69,1.66,482.65
9,191,789.52,21.22,87.72,4.13,1058.5
3,280,1090.37,93.33,363.46,3.89,1256.92
5,644,2383.17,128.8,476.63,3.7,1785.53
10,498,992.86,49.8,99.29,1.99,1395.03
4,317,1793.28,79.25,448.32,5.66,1518.93
4,1100,370.61,275,92.65,0.34,860.32
4,263,2469.06,65.75,617.27,9.39,1503.98
4,932,1287.34,233,321.84,1.38,1513.28
14,343,2013.4,24.5,143.81,5.87,1839.05
2,274,888.24,137,444.12,3.24,917.79
1,759,330.29,759,330.29,0.44,500.92
8,204,2178.45,25.5,272.31,10.68,1506.38
10,396,2068.65,39.6,206.87,5.22,1556.68
6,840,870.82,140,145.14,1.04,1496.46
7,756,1473.59,108,210.51,1.95,1961.96
4,1048,279.75,262,69.94,0.27,780.15
9,800,39.96,88.89,4.44,0.05,1158.68
3,240,1895.67,80,631.89,7.9,1386.33
13,997,920.48,76.69,70.81,0.92,2124.16
2,826,2163.39,413,1081.7,2.62,1523.26
6,194,914.25,32.33,152.38,4.71,1168.72
4,333,1934.76,83.25,483.69,5.81,1467.52
8,1053,1864.01,131.63,233,1.77,1794.57
12,466,1291.33,38.83,107.61,2.77,1770.37
8,916,2417.62,114.5,302.2,2.64,1755.05
11,322,1251.3,29.27,113.75,3.89,1732.46
13,11,1114.96,0.85,85.77,101.36,1555.48
7,250,364.79,35.71,52.11,1.46,718.71
5,247,296.51,49.4,59.3,1.2,594.93
14,1158,2104.61,82.71,150.33,1.82,1899.69
11,1095,1071.83,99.55,97.44,0.98,2159.33
11,1149,270.81,104.45,24.62,0.24,1284.51
9,14,1057.38,1.56,117.49,75.53,1372.31
4,184,983.77,46,245.94,5.35,1202.69
6,135,2488.22,22.5,414.7,18.43,1561.2
5,717,1508.97,143.4,301.79,2.1,1722.49
1,389,1964.96,389,1964.96,5.05,1228.94
3,1136,1296.54,378.67,432.18,1.14,1536.6
13,145,2202.42,11.15,169.42,15.19,1716.13
1,1122,861.5,1122,861.5,0.77,1081.05
14,383,97.95,27.36,7,0.26,1203.93
1,309,1211.37,309,1211.37,3.92,1110.55
14,1090,2248.68,77.86,160.62,2.06,1905.5
3,278,994.9,92.67,331.63,3.58,1167.78
7,1109,2397.29,158.43,342.47,2.16,1917.57
12,643,2194.16,53.58,182.85,3.41,1758.03
11,176,1050.67,16,95.52,5.97,1444.13
7,309,1021.75,44.14,145.96,3.31,1309.85
3,992,1897.41,330.67,632.47,1.91,1539
3,175,440.19,58.33,146.73,2.52,431.17
5,895,2329.69,179,465.94,2.6,1791.96
8,372,348.37,46.5,43.55,0.94,950.24
5,567,193.11,113.4,38.62,0.34,718.3
8,978,710.43,122.25,88.8,0.73,1624.58
1,1082,1809.49,1082,1809.49,1.67,446.94
11,636,2238.97,57.82,203.54,3.52,1699.94
6,370,315.09,61.67,52.52,0.85,946.39
8,413,222.83,51.63,27.85,0.54,802.95
3,399,141.39,133,47.13,0.35,546.04
